test int;{qykt float;axtgd string;hboar int;rbncl int;test float;nxlla float;stwid int;qaefh float;ljmpp float;test DateTime;rjwtp DateTime;{wmzf float;dmhgm string;oggxa DateTime;test string;knfwj DateTime;wsdaj float;jycue string;vpf{e float
690080874;0,31291375;sfaelpyscljhxul{oluvdydpbqtawm;1470201100;1956992;0,99022245;0,9057404;148300791;0,6881807;0,553204;27.05.1990;06.07.2008;0,010558549;{otlbkkldofvcmcvwxxrtji{tulnby;22.07.1996;cqnxhzmchxmthpczpattohrgutizxj;20.04.1997;0,093346134;axpypylommwhleipmxnwewzhdorngy;0,64792323
2011934491;0,420881;ruvjovgnokyagrapbgabicnklppzqs;2015791807;1822402505;0,11138119;0,12306211;740626255;0,027660426;0,8265598;02.05.2012;22.07.2016;0,27931237;rhxx{seduxcphkz{fiyxmbydiauix{;13.10.1996;ftdttzynwcgavulvlworwwqkto{zwh;11.08.2014;0,15870665;brvhnj{jr{scoginldsdpkdu{e{{ro;0,27950358
1817636237;0,931508;dqsinsjpncwwpfppqysdqiyfjuddpz;743462562;50459689;0,16994737;0,34437874;1227314017;0,9335874;0,8535313;30.01.1999;10.12.1993;0,6121469;rfreljqwwtivsmzuog{ptwsgqrthyt;31.08.2020;iped{sgioflaugkjhkxzuxwolovqjz;21.09.1993;0,8084287;kyvrpptgfqgfwljzqidtgltqslyq{p;0,10001209
711266920;0,5297307;udrcspmqqyzwebcfnhg{yxbvnbfftv;235414068;2130828285;0,8193311;0,37532586;225104442;0,1516814;0,5040951;12.09.2006;21.03.2020;0,36006445;{lfnjomjtjqybxprjgxvv{avzzs{pw;07.09.2020;swcwtxejuhmuecqzbauiwp{llokxnv;29.05.2017;0,7200495;jbnvrjtmbsoauwbanwgkjdwrlenix{;0,38966957
1723919018;0,54045904;fwflfnyewdetkqqaqokovaomeypmzc;318072766;461544047;0,9382134;0,52561456;1265918038;0,38975623;0,8574658;10.06.1998;06.10.2008;0,5996891;lqkqkyxkshteiuhizlfu{zvxageibc;27.12.2019;yaonzcbfuorvlccaekeqlqnwoqetoj;24.05.2008;0,3290763;kuuv{jepgldcqdcixsvjlios{jyirk;0,9270781
968163880;0,7339981;kmm{pesexa{hdca{udyyrva{mooajg;997877344;1836396199;0,85875887;0,3546231;1880947584;0,76519495;0,2070219;09.03.1990;14.06.2004;0,34712508;eyghfddfaocplnnarrwrpdlufgutxq;11.03.2003;swpigwfcgwighitnfrwqwvanmbzkkj;28.01.2002;0,23381579;urztlwqoihcnyzbgr{qpoyvcweywty;0,44380373
1465941275;0,99376154;eghcouooxosbdfnmfvyijlsmffotul;48557801;664526248;0,18608846;0,018833356;1209344988;0,9870491;0,3978402;08.07.2002;26.01.1992;0,65098155;ilt{lxhidjrupvxjgwvlnjxdqncvhr;18.04.1997;aeumoiydtewkvlpneaggldzpqjyunb;10.02.2004;0,16196342;ordxsnyhvfauvcnhcr{ceyfexfldrs;0,6901206
604075488;0,56340384;douwtgujdyhoblxbnhxfcsneddmexc;138759422;1312767048;0,25980905;0,14116788;1408523633;0,7835076;0,8174507;07.02.2004;27.01.1999;0,9632214;fycljwwgecmmbptqupnaxshzucgaer;24.02.2017;o{fbavahvmesftguomtowcordshqvc;12.03.2006;0,64147896;nqoouumubgdgpj{hqeepallpyjolmt;0,9180981
973333634;0,12143775;cvaawcdizoz{foz{kqyqdprjfxqvcw;1647715485;1746750620;0,5939575;0,6278162;465893503;0,16035819;0,95386815;25.06.1990;14.11.2011;0,124167554;cmzqscagkw{odsvznifdudkqiuakec;04.03.2018;oguz{davolursahgoijsjj{bjiybrc;22.11.1999;0,43448883;qlaaoeeigsrzquterupouehtprgzdl;0,13773209
1607202669;0,7332188;hvwoyvrkpzryahbmomqo{ghx{arinx;712344022;230232221;0,11848034;0,75048935;112242436;0,47918174;0,65024567;21.10.2000;12.07.2014;0,05270988;hkmeuwqtifubnzoxdiytqovhgpvftz;27.06.2014;gpqonorhqvyaa{svxomqrmupfyfak{;09.06.2001;0,1651077;hkzirugm{txhgpdlxlixgvwajpjrxq;0,43582675
1484589639;0,026763022;eh{pzmisrmnfixzyjq{pmqkfyruztb;1206941598;636000209;0,67627263;0,18754937;430475583;0,73988414;0,9782916;04.08.1995;27.04.2019;0,7267126;mbtiqnebfdopxvsisjzqyfodrfyfaw;23.03.2008;rtxymjgyncorrwenhlqjhwgnqrlp{b;12.07.2000;0,84056824;gbvkgattkc{najustl{wlwnjiwzrzm;0,77171993
316194200;0,3220648;rfqjyzpwcqbujjwhxutfvpviblxgyg;1316866332;1237454919;0,6882988;0,5610323;1053404794;0,69183326;0,6284251;09.05.1993;27.07.2015;0,12684935;pryyhhfwwzockihmbiyw{nbvxerukl;22.04.2002;stkn{{qbuuubkhiwygnqadcqdbdqlm;08.07.2002;0,39592636;tpx{cjhvgthumxizmfyrsoqvkyw{qi;0,34892434
855133612;0,74122655;krsantrql{ffixml{okjzenezmsnxm;1152045833;812852612;0,16942438;0,677446;1648052889;0,17881088;0,4150582;02.08.2012;12.06.2016;0,37864828;lnqdhlopubvgdnbabetzmwbqchagxj;24.07.2005;dumwofmzzqcxoaysq{sslyplab{lhs;10.07.2002;0,4805035;auqfnzhangzupgcphjvvjfeawnfarh;0,20946133
604336804;0,5969068;nmdfstfyesfirkr{ryxmnqelwaswav;305938548;356507931;0,52397233;0,35504338;1234904619;0,2689389;0,90751547;03.07.2015;25.02.2016;0,56864697;itfasnloivdxitjrajykobvhvkcwiv;23.04.2008;qddwsenjpwtgs{fmybnhmbgyyfilqg;25.03.2006;0,12361082;tpgwjfkazfcadlyjlucbioxfymwcuj;0,31765994
46366014;0,39179268;txvazcntd{netvfluh{wpssvvwajyu;1389996415;424800838;0,6510024;0,5881853;1339097679;0,07585513;0,55543935;04.04.2000;07.07.1998;0,9179585;er{o{dshyewbfafcbevkjineedxkax;15.01.2007;uqexmkvbjimupxodeactwpwdwkwhhh;26.08.1990;0,59112567;mkbgqvai{abkqhihwwmhrfuaaconuc;0,28749305
454880391;0,12239094;vmvdvquvqmjbcocwzmofpmreansfir;1143057138;643720084;0,25427586;0,98001003;1584732554;0,7050393;0,72338074;02.04.2009;26.06.2016;0,990402;vwbaixc{faojwqdizpm{zbwdvkcifn;18.02.1999;rkelrxmoocglkxcn{ciaxbtazgzuvv;14.09.2011;0,7302046;ffzxhsalkzpskoavflabuprdnlztuu;0,39113006
612592531;0,7001247;hzccfbjfpsetmjmmx{oyzrgooliwya;1279937619;431133394;0,26275566;0,2382834;1025279495;0,9218626;0,9774822;09.05.1996;19.04.2012;0,4675924;ootrrhsbyjuqtpovuoiob{mgxonsrg;02.08.1996;u{{ssfqjoiymxfkrpofzbkpcnucu{l;04.03.2010;0,5568448;zppcbjsforpu{icbctat{kkyfycxjd;0,65905786
1391861096;0,82175547;{coasgdkkbncyttlyqjifuflrrtats;2059273892;393441796;0,036955103;0,07337881;1495304064;0,4955153;0,23978749;07.06.1997;25.03.1992;0,37894356;vmanjnuxyjqfycjbndrscibwagfrdd;31.01.1997;wrfqgrgzchsmnpeyktzochmlfndict;16.02.2014;0,24342813;clemhmktabjjorautlhnxoevktnzxj;0,48808947
891442743;0,88997054;nviwjimsyuyyexjmwpzbyj{q{zrekp;2146007616;2084470651;0,71861035;0,77265865;1615409956;0,23843287;0,18474594;30.04.2015;14.01.1991;0,78184944;iwekquoahj{dvswkrhiiuzfkcdhaiz;28.11.1990;fievgoqb{tjvqln{yjuudajquhnmot;04.05.1999;0,23253785;qkspktshvgwqnsvakqhcvezoazbeog;0,399451
611858614;0,60652375;dvzjmvjebavlrmrdlnoivffejphfwl;112982860;651777282;0,6470034;0,7839068;1501127716;0,38323772;0,9298805;08.05.2005;21.08.1991;0,53157556;tqawidbhy{wypu{xoejq{mvxuhfzeh;15.02.1998;rmuplxtkvkszvveontxibpgwecbydc;21.09.2009;0,3963082;zighchrgeccy{nbkspkwmcfzkjwvgs;0,7561271